title,description,link,source,author,published,scraped_at,guid
'All 10 million Israelis are being held hostage by the government',"Shai Hermesh, father of Omer Hermesh, who was murdered on October 7 in Kfar Azza, laments the brokenness of Israeli society because of the Hamas massacre and the government's indifference to the hostages in Gaza. 'What Hamas did to us is minor compared to what is being done to Israeli society today'",https://www.haaretz.com/israel-news/2025-09-25/ty-article/.premium/all-10-million-israelis-are-being-held-hostage-by-the-government/00000199-7f66-daea-adff-7fe774b10000,Haaretz,Ran Shimoni,2025-09-25T09:11:15,2025-09-25 10:10:04.212836,https://www.haaretz.com/israel-news/2025-09-25/ty-article/.premium/all-10-million-israelis-are-being-held-hostage-by-the-government/00000199-7f66-daea-adff-7fe774b10000
"At UN, wave of Palestinian state recognition is no match for Trump and Netanyahu's alliance","The U.S. president's remarks at the UN General Assembly are an attempt to dam the historic tsunami of international recognition for a Palestinian state. Despite the political momentum, Palestinians face a reality on the ground that will not be resolved by merely symbolic declarations",https://www.haaretz.com/news/world/2025-09-25/ty-article/.premium/at-un-palestinian-state-recognition-is-no-match-for-trump-and-netanyahus-alliance/00000199-7fb0-daea-adff-7ff3f07b0000,Haaretz,Jack Khoury,2025-09-25T09:31:45,2025-09-25 10:10:04.212801,https://www.haaretz.com/news/world/2025-09-25/ty-article/.premium/at-un-palestinian-state-recognition-is-no-match-for-trump-and-netanyahus-alliance/00000199-7fb0-daea-adff-7ff3f07b0000
"Italy sends second navy ship to escort Gaza aid flotilla, warns fleet against entering Israeli waters","The second Italian navy ship joined 50 boats in an international aid flotilla, the Global Sumud Flotilla, on their journey to Gaza. Italy sent the first frigate on Wednesday, mere hours after the GSF said it was targeted by Israeli drones that dropped stun grenades and itching powder",https://www.haaretz.com/israel-news/2025-09-25/ty-article/italy-sends-second-ship-to-escort-gaza-aid-flotilla-warns-against-entering-israeli-waters/00000199-800f-d04a-adfd-bd0fa8730000,Haaretz,Reuters,2025-09-25T09:39:00,2025-09-25 10:10:04.212761,https://www.haaretz.com/israel-news/2025-09-25/ty-article/italy-sends-second-ship-to-escort-gaza-aid-flotilla-warns-against-entering-israeli-waters/00000199-800f-d04a-adfd-bd0fa8730000
Arab Israeli indicted in alleged plot to abduct soldier,The resident of Tayibe wanted to use a kidnapped soldier as leverage to force Israel to end the war against Hamas. The post Arab Israeli indicted in alleged plot to abduct soldier appeared first on JNS.org .,https://www.jns.org/arab-israeli-indicted-in-alleged-plot-to-abduct-soldier/,JNS,JNS Staff,2025-09-25T09:36:00,2025-09-25 10:09:56.635359,https://www.jns.org/?p=588398
Dua Lipa denies firing agent over pro-Israel views,"The British pop star “made sure through her people that David Levy wasn’t working on her music any more,” a source told the “Daily Mail.” The post Dua Lipa denies firing agent over pro-Israel views appeared first on JNS.org .",https://www.jns.org/dua-lipa-denies-firing-agent-over-pro-israel-views/,JNS,JNS Staff,2025-09-25T10:02:04,2025-09-25 10:09:56.635316,https://www.jns.org/?p=588432
Table for Five: Yom Kippur,Inner Transformation The post Table for Five: Yom Kippur appeared first on Jewish Journal .,https://jewishjournal.com/judaism/383984/yom-kippur/,Jewish Journal,Salvador Litvak,2025-09-25T09:18:46,2025-09-25 10:09:53.927061,https://jewishjournal.com/?p=383984
Festive Cocktails for Fall and High Holiday Season,"Alcohol symbolizes joy, celebration and abundance. This is especially important during the fall's Jewish holidays. The post Festive Cocktails for Fall and High Holiday Season appeared first on Jewish Journal .",https://jewishjournal.com/culture/food/383986/festive-cocktails-for-fall-and-high-holiday-season/,Jewish Journal,Debra L. Eckerling,2025-09-25T09:24:58,2025-09-25 10:09:53.927034,https://jewishjournal.com/?p=383986
Something Delicious: A Shorba Soup,"Shorba, the tomato, chicken and rice soup recipe that we highlight here is a beloved classic from the Babylonian kitchen. The post Something Delicious: A Shorba Soup appeared first on Jewish Journal .",https://jewishjournal.com/culture/food/383989/something-delicious-a-shorba-soup/,Jewish Journal,Sharon Gomperts and Rachel Emquies Sheff,2025-09-25T09:29:12,2025-09-25 10:09:53.926998,https://jewishjournal.com/?p=383989
A Costly Dream: Life for Undocumented Israelis in LA,Many undocumented Israelis are fearful of remaining in the U.S. illegally and are desperately seeking solutions. The post A Costly Dream: Life for Undocumented Israelis in LA appeared first on Jewish Journal .,https://jewishjournal.com/community/383992/a-costly-dream-life-for-undocumented-israelis-in-la/,Jewish Journal,Ayala Or-El,2025-09-25T09:32:46,2025-09-25 10:09:53.926967,https://jewishjournal.com/?p=383992
Jewish Students Turn Grief into Celebration at Club TLV,"As the music swelled and the crowd bounced to the beat, the message was clear: Jewish pride is not only surviving on campus, it’s thriving. The post Jewish Students Turn Grief into Celebration at Club TLV appeared first on Jewish Journal .",https://jewishjournal.com/community/383995/jewish-students-turn-grief-into-celebration-at-club-tlv/,Jewish Journal,Noa Ablin,2025-09-25T09:40:40,2025-09-25 10:09:53.926932,https://jewishjournal.com/?p=383995
Never Too Late for a Bar or Bat Mitzvah,"At Jewish Health’s Grancell Village campus in Reseda, a capacity crowd of friends, relatives and staffers applauded their agreement in saluting the largest bar and bat mitzvah class in its 113-year history. The post Never Too Late for a Bar or Bat Mitzvah appeared first on Jewish Journal .",https://jewishjournal.com/community/383997/never-too-late-for-a-bar-or-bat-mitzvah/,Jewish Journal,Ari L. Noonan,2025-09-25T09:46:35,2025-09-25 10:09:53.926888,https://jewishjournal.com/?p=383997
"Arab Israeli, 22, accused of plot to kidnap soldier as leverage to force end of Gaza war","Amin Hassan Abdelqader Azzam, from Taybeh, faces terror charges for practicing shooting with paintball gun, downloading Hamas handbook, seeking religious approval to hold hostage The post Arab Israeli, 22, accused of plot to kidnap soldier as leverage to force end of Gaza war appeared first on The Times of Israel .",https://www.timesofisrael.com/arab-israeli-22-accused-of-plot-to-kidnap-soldier-as-leverage-to-force-end-of-gaza-war/,Times of Israel,,2025-09-25T09:54:29,2025-09-25 10:09:51.464141,https://www.timesofisrael.com/?p=3649583
Thessaloniki’s Armenian minority and Jewish past are bound by a shared history of genocide,"(JTA) — THESSALONIKI, Greece — Fronting the Mediterranean Sea in this bustling Greek port stands a haunting monument to the city’s roughly 50,000 Jews who were rounded up by the Nazis in 1943 and deported to Auschwitz. Each year on Holocaust Remembrance Day, local dignitaries and Jewish leaders make speeches and lay wreaths at the... The post Thessaloniki’s Armenian minority and Jewish past are bound by a shared history of genocide appeared first on The Forward .",https://forward.com/fast-forward/771340/thessalonikis-armenian-minority-and-jewish-past-are-bound-by-a-shared-history-of-genocide/,The Forward,Larry Luxner,2025-09-25T10:00:03,2025-09-25 10:09:49.353974,https://forward.com/?p=771340
From recreation to renewal: The role of Z3 in the evolution of JCCs as centers for Jewish belonging,"Jewish community centers have served as central pillars of Jewish life in North America for more than a century. Pioneers such as Rabbi Mordecai Kaplan envisioned the JCC as a cornerstone of an “organic Jewish community,” integrating diverse activities and institutions for Jews, with the goal of fostering Jewish peoplehood, culture and religious life as... Read More The post From recreation to renewal: The role of Z3 in the evolution of JCCs as centers for Jewish belonging appeared first on eJewishPhilanthropy .",https://ejewishphilanthropy.com/from-recreation-to-renewal-the-role-of-z3-in-the-evolution-of-jccs-as-centers-for-jewish-belonging/,eJewish Philanthropy,"Ezra Kopelowitz, Ph.D.",2025-09-25T09:30:00,2025-09-25 10:09:44.304051,https://ejewishphilanthropy.com/?p=163685
Students charged with hate crime after pork is tossed into a Jewish fraternity on Rosh Hashanah,"Police charged two men at Syracuse University after one allegedly entered a Jewish New Year event at a fraternity house and hurled a bag of pork. 'This is not a foolish college prank and will not be treated as such,' the county's district attorney said",https://www.haaretz.com/us-news/2025-09-25/ty-article/students-charged-with-hate-crime-over-tossing-pork-into-jewish-fraternity-on-rosh-hashanah/00000199-7fbd-d27b-affd-7fbd391c0000,Haaretz,The Associated Press,2025-09-25T08:39:45,2025-09-25 09:10:00.692080,https://www.haaretz.com/us-news/2025-09-25/ty-article/students-charged-with-hate-crime-over-tossing-pork-into-jewish-fraternity-on-rosh-hashanah/00000199-7fbd-d27b-affd-7fbd391c0000
IAF hits 170 terror targets in Gaza in 24 hours,"In Gaza City, IDF troops dismantled military infrastructure, including positions used to launch ambushes against Israeli forces. The post IAF hits 170 terror targets in Gaza in 24 hours appeared first on JNS.org .",https://www.jns.org/iaf-hits-over-170-terror-targets-in-gaza-in-24-hours/,JNS,,2025-09-25T08:29:00,2025-09-25 09:09:53.788744,https://www.jns.org/?p=588410
Swiss Air resumes flights to Tel Aviv,The carrier has restarted daily non-stop service between Zurich and Ben-Gurion Airport. The post Swiss Air resumes flights to Tel Aviv appeared first on JNS.org .,https://www.jns.org/swiss-air-resumes-flights-to-tel-aviv/,JNS,JNS Staff,2025-09-25T08:57:40,2025-09-25 09:09:53.788703,https://www.jns.org/?p=588400
Palestinian Statehood: Why it Never Happened - Sponsored Content,"We explore how the Yishuv built the foundations of a Jewish state, why Palestinian leadership faltered, and how Egypt and Jordan sidelined Palestinian statehood. The post Palestinian Statehood: Why it Never Happened appeared first on The Times of Israel .",https://toi.li/qquirE,Times of Israel,,2025-09-25T08:08:10,2025-09-25 09:09:48.960677,https://www.timesofisrael.com/?post_type=spotlight&p=3649597
German pizza store bans all Israelis until they ‘open their eyes’ to Gaza,"Israeli embassy says 'the 1930s are back'; music store demands Israeli orchestra 'assess' war before it can rent equipment, drawing condemnation from antisemitism czar The post German pizza store bans all Israelis until they &#8216;open their eyes&#8217; to Gaza appeared first on The Times of Israel .",https://www.timesofisrael.com/german-pizza-store-bans-all-israelis-until-they-open-their-eyes-to-gaza/,Times of Israel,,2025-09-25T08:29:36,2025-09-25 09:09:48.960639,https://www.timesofisrael.com/?p=3649526
Major outlets demand free press access to Gaza: ‘History is told by those who report it’,"BBC, Reuters, AP, AFP release short film on sidelines of UN General Assembly, warn their Palestinian journalists are 'facing the same dire circumstances as those they are covering' The post Major outlets demand free press access to Gaza: &#8216;History is told by those who report it&#8217; appeared first on The Times of Israel .",https://www.timesofisrael.com/major-outlets-demand-free-press-access-to-gaza-history-is-told-by-those-who-report-it/,Times of Israel,,2025-09-25T08:29:46,2025-09-25 09:09:48.960592,https://www.timesofisrael.com/?p=3649533
"Ashkenazi Jews, your DNA is actually largely Italian. Here’s why.","Many Ashkenazi Jews assume their ancestors came straight from ancient Israel to Germany and Eastern Europe. But that leaves out a huge, often overlooked chapter. When their ancestors left Israel, they didn’t head directly north. They went to Italy, where they lived for nearly a millennium before moving east. This missing period in Italy holds... The post Ashkenazi Jews, your DNA is actually largely Italian. Here’s why. appeared first on The Forward .",https://forward.com/culture/770941/ashkenazi-jews-italy-dna/,The Forward,Ilana Strauss,2025-09-25T08:53:59,2025-09-25 09:09:46.831183,https://forward.com/?p=770941
Shomer Collective launch Shiva Circle initiative to offer ‘life jacket for grievers’,"In August 2011, Rose Capin celebrated her bat mitzvah with her beloved grandmother Esther, then 76, beaming from the pews. Less than two years later, her grandmother would be diagnosed with ovarian cancer. Then — it seemed almost in an instant — she was gone. “I was maybe in middle school,” Capin told eJewishPhilanthropy. “I didnt even... Read More The post Shomer Collective launch Shiva Circle initiative to offer &#8216;life jacket for grievers&#8217; appeared first on eJewishPhilanthropy .",https://ejewishphilanthropy.com/shomer-collective-launch-shiva-circle-initiative-to-offer-life-jacket-for-grievers/,eJewish Philanthropy,Jay Deitcher,2025-09-25T08:15:51,2025-09-25 09:09:41.813895,https://ejewishphilanthropy.com/?p=164219
Israeli forces kill two PIJ terrorists in Samaria,Alaa Ga’udat Bani Ouda and Mohammad Qassem Suleiman were part of a terror cell planning an imminent attack. The post Israeli forces kill two PIJ terrorists in Samaria appeared first on JNS.org .,https://www.jns.org/israeli-forces-kill-two-pij-terrorists-in-samaria/,JNS,JNS Staff,2025-09-25T07:22:00,2025-09-25 08:11:49.044644,https://www.jns.org/?p=588383
Satellite images show Iran restarting missile production sites,"The regime is rapidly reconstructing missile factories Israel targeted in June, but experts say key solid-fuel mixing equipment is absent. The post Satellite images show Iran restarting missile production sites appeared first on JNS.org .",https://www.jns.org/satellite-images-show-iran-restarting-missile-production-sites/,JNS,JNS Staff,2025-09-25T08:02:04,2025-09-25 08:11:49.044601,https://www.jns.org/?p=588355
Centuries of prayer to rebuild Jerusalem answered all at once as construction clogs city,"With infrastructure projects on King George Street, Emek Refaim Street, and other major arteries, moving around in the capital has become impossible for many The post Centuries of prayer to rebuild Jerusalem answered all at once as construction clogs city appeared first on The Times of Israel .",https://www.timesofisrael.com/centuries-of-prayer-to-rebuild-jerusalem-answered-all-at-once-as-construction-clogs-city/,Times of Israel,,2025-09-25T07:27:46,2025-09-25 08:11:44.301344,https://www.timesofisrael.com/?p=3646975
Iran airs footage purporting to show details of alleged Israeli nuclear program,"Documentary screened as Iran's president meets with world leaders at UN; it allegedly includes personal details of 189 Israeli nuclear scientists and specialists, photos of Dimona The post Iran airs footage purporting to show details of alleged Israeli nuclear program appeared first on The Times of Israel .",https://www.timesofisrael.com/iran-airs-footage-purporting-to-show-details-of-alleged-israeli-nuclear-program/,Times of Israel,,2025-09-25T07:35:03,2025-09-25 08:11:44.301295,https://www.timesofisrael.com/?p=3649503
‘We want YOU!’: A creative approach to investing in the rabbinic pipeline,"Over the decades, the Catskills have hosted many generations of Jewish gatherings, from Borscht Belt resorts to modern summer camps. And in October, there will be one more. More than 30 young adults will gather in the Catskills with 10 rabbis from across the country to learn, explore and spark profound conversations about what it... Read More The post ‘We want YOU!’: A creative approach to investing in the rabbinic pipeline appeared first on eJewishPhilanthropy .",https://ejewishphilanthropy.com/we-want-you-a-creative-approach-to-investing-in-the-rabbinic-pipeline/,eJewish Philanthropy,David Cygielman,2025-09-25T07:43:37,2025-09-25 08:11:37.380015,https://ejewishphilanthropy.com/?p=164215
Trump presents Gaza peace plan to Muslim leaders at UN,"U.S. Mideast envoy Witkoff expressed confidence that “in the coming days, we'll be able to announce some sort of breakthrough.” The post Trump presents Gaza peace plan to Muslim leaders at UN appeared first on JNS.org .",https://www.jns.org/trump-presents-gaza-peace-plan-to-muslim-leaders-at-un/,JNS,JNS Staff,2025-09-25T06:45:09,2025-09-25 07:10:34.371023,https://www.jns.org/?p=588321
Why the Saudi levers of power are failing against Trump and Netanyahu's wall,"The kingdom's seemingly endless wealth, which has worked to bridge and maintain ties with several Middle Eastern countries, finds the limits of its influence with the U.S., which it cannot afford to alienate, and Israel, which can do as it pleases so long as it has Trump's support",https://www.haaretz.com/middle-east-news/2025-09-25/ty-article/.premium/why-the-saudi-levers-of-power-are-failing-against-trump-and-netanyahus-wall/00000199-7043-daea-adff-7fe34ed90000,Haaretz,Zvi Bar'el,2025-09-25T03:00:00,2025-09-25 06:13:15.050086,https://www.haaretz.com/middle-east-news/2025-09-25/ty-article/.premium/why-the-saudi-levers-of-power-are-failing-against-trump-and-netanyahus-wall/00000199-7043-daea-adff-7fe34ed90000
"Staff Sgt. Chalachew Shimon Demalash killed in north Gaza combat, IDF announces","Demalash, a 21-year-old infantry soldier from Be'er Sheva in southern Israel, was killed by sniper fire in northern Gaza. Since the start of the war, the IDF has announced the deaths of 912 soldiers, 465 of whom were killed in the Gaza Strip",https://www.haaretz.com/israel-news/2025-09-25/ty-article/.premium/staff-sgt-chalachew-shimon-demalash-killed-in-north-gaza-combat-idf-announces/00000199-7f60-daea-adff-7fe364500000,Haaretz,Yaniv Kubovich,2025-09-25T05:58:06,2025-09-25 06:13:15.050040,https://www.haaretz.com/israel-news/2025-09-25/ty-article/.premium/staff-sgt-chalachew-shimon-demalash-killed-in-north-gaza-combat-idf-announces/00000199-7f60-daea-adff-7fe364500000
"Netanyahu heads to US to address UN, meet with Trump","“I will speak the truth—the truth of Israel’s citizens, the truth of IDF soldiers, the truth of our state,” said the prime minister. The post Netanyahu heads to US to address UN, meet with Trump appeared first on JNS.org .",https://www.jns.org/netanyahu-heads-to-us-to-address-un-meet-with-trump/,JNS,JNS Staff,2025-09-25T05:22:01,2025-09-25 06:13:06.898752,https://www.jns.org/?p=588317
Israeli PM confirms security talks with Syria,Netanyahu said any deal must include the demilitarization of southwestern Syria and the protection of the Druze in the country. The post Israeli PM confirms security talks with Syria appeared first on JNS.org .,https://www.jns.org/israeli-pm-confirms-security-talks-with-syria/,JNS,JNS Staff,2025-09-25T05:36:56,2025-09-25 06:13:06.898707,https://www.jns.org/?p=588322
Hate crime charges loom after pork tossed into US Jewish fraternity on Rosh Hashanah,"Two students at Syracuse University arrested over incident; one allegedly entered Zeta Beta Tau site and tossed bag of pig meat at wall, second accused of driving getaway car The post Hate crime charges loom after pork tossed into US Jewish fraternity on Rosh Hashanah appeared first on The Times of Israel .",https://www.timesofisrael.com/hate-crime-charges-loom-after-pork-tossed-into-us-jewish-fraternity-on-rosh-hashanah/,Times of Israel,,2025-09-25T05:52:58,2025-09-25 06:13:00.191804,https://www.timesofisrael.com/?p=3649501
IDF soldier killed in Hamas sniper attack on Gaza City guard post,"Staff Sgt. Chalachew Shimon Demalash remembered as 'brave, modest with a huge heart'; Hamas claims Israeli strike on home containing displaced people kills 11, including children The post IDF soldier killed in Hamas sniper attack on Gaza City guard post appeared first on The Times of Israel .",https://www.timesofisrael.com/idf-soldier-killed-in-hamas-sniper-attack-on-gaza-city-guard-post/,Times of Israel,,2025-09-25T05:59:44,2025-09-25 06:13:00.191756,https://www.timesofisrael.com/?p=3649479
"Soldier KIA in Gaza, bringing IDF wartime toll to 912","The slain soldier was identified as Staff Sgt. Chalachew Shimon Demalash, 21. The post Soldier KIA in Gaza, bringing IDF wartime toll to 912 appeared first on JNS.org .",https://www.jns.org/soldier-kia-in-gaza-bringing-idf-wartime-toll-to-912/,JNS,JNS Staff,2025-09-25T04:33:45,2025-09-25 05:09:33.860767,https://www.jns.org/?p=588308
Netanyahu speaks to parents of Hamas captive Alon Ohel,"Alon’s injury has severely worsened, worsened as a result of cruel captivity and negligent treatment,” said his parents Idit and Kobi Ohel. The post Netanyahu speaks to parents of Hamas captive Alon Ohel appeared first on JNS.org .",https://www.jns.org/netanyahu-speaks-to-parents-of-hamas-captive-alon-ohel/,JNS,JNS Staff,2025-09-25T04:51:15,2025-09-25 05:09:33.860727,https://www.jns.org/?p=588311
Did Tikkun Olam Shrink Our Tradition?,Who needs to build a sukkah to remember our ancestors in the desert when I could just go volunteer at a soup kitchen? The post Did Tikkun Olam Shrink Our Tradition? appeared first on Jewish Journal .,https://jewishjournal.com/commentary/columnist/editors-note/383980/did-tikkun-olam-shrink-our-tradition/,Jewish Journal,David Suissa,2025-09-25T04:20:29,2025-09-25 05:09:31.218387,https://jewishjournal.com/?p=383980
"Netanyahu heads to U.S. for UN speech, White House talks with Trump",,https://www.haaretz.com/israel-news/2025-09-25/ty-article-live/netanyahu-heads-to-u-s-for-un-speech-white-house-talks-with-trump/00000199-7ebc-d04a-adfd-7fbcc0230005,Haaretz,Haaretz,2025-09-25T03:23:01,2025-09-25 04:10:51.668306,https://www.haaretz.com/israel-news/2025-09-25/ty-article-live/netanyahu-heads-to-u-s-for-un-speech-white-house-talks-with-trump/00000199-7ebc-d04a-adfd-7fbcc0230005
Met season opens with new opera based on Michael Chabon’s ‘Kavalier & Clay’,Novel about two Jewish cousins in World War II-era Brooklyn is focus of new opera starring Miles Mykkanen and Andrzej Filończyk The post Met season opens with new opera based on Michael Chabon&#8217;s &#8216;Kavalier &#038; Clay&#8217; appeared first on The Times of Israel .,https://www.timesofisrael.com/met-season-opens-with-new-opera-based-on-michael-chabons-kavalier-clay/,Times of Israel,,2025-09-25T03:27:56,2025-09-25 04:10:39.966717,https://www.timesofisrael.com/?p=3649468
When Senate Democrats side with Hamas over Israel,"The Merkley resolution on Palestinian statehood ignores terror, weak governance and decades of failed promises—at Israel’s expense. The post When Senate Democrats side with Hamas over Israel appeared first on JNS.org .",https://www.jns.org/when-senate-democrats-side-with-hamas-over-israel/,JNS,Stephen M. Flatow,2025-09-24T15:01:12,2025-09-25 03:22:32.381895,https://www.jns.org/?p=588281
Recognition without rescue: The world's hollow gift to Palestinians,"While the genocide in Gaza continues unabated and settlers run amok in the West Bank together with the army, the world met its minimum obligation by recognizing a state that will likely never come into being",https://www.haaretz.com/opinion/2025-09-25/ty-article/.premium/recognition-without-rescue-the-worlds-hollow-gift-to-palestinians/00000199-7d35-df8f-afbd-fd7de2010000,Haaretz,Gideon Levy,2025-09-25T01:53:24,2025-09-25 02:36:16.637393,https://www.haaretz.com/opinion/2025-09-25/ty-article/.premium/recognition-without-rescue-the-worlds-hollow-gift-to-palestinians/00000199-7d35-df8f-afbd-fd7de2010000
Calling the Palestinian Authority a 'terror state' is yet another Netanyahu lie,,https://www.haaretz.com/opinion/editorial/2025-09-25/ty-article/.premium/netanyahus-terror-state-rhetoric-about-the-palestinian-authority-is-a-dangerous-lie/00000199-7d36-df8f-afbd-fd7fb97d0000,Haaretz,Haaretz Editorial,2025-09-25T02:26:20,2025-09-25 02:36:16.637360,https://www.haaretz.com/opinion/editorial/2025-09-25/ty-article/.premium/netanyahus-terror-state-rhetoric-about-the-palestinian-authority-is-a-dangerous-lie/00000199-7d36-df8f-afbd-fd7fb97d0000
Uman's pilgrimage is a government-funded disgrace to Judaism and to Israel,"Uman as metaphor: a government devotes cabinet meetings and millions to subsidize primitive madness, while war rages and hostages languish. The sanctification of ignorance now defines state Judaism, with almost no opposition left to protest",https://www.haaretz.com/opinion/2025-09-25/ty-article-opinion/.premium/umans-pilgrimage-is-a-government-funded-disgrace-to-judaism-and-to-israel/00000199-7c87-d04a-adfd-7d873c8d0000,Haaretz,Uri Misgav,2025-09-25T02:31:35,2025-09-25 02:36:16.637324,https://www.haaretz.com/opinion/2025-09-25/ty-article-opinion/.premium/umans-pilgrimage-is-a-government-funded-disgrace-to-judaism-and-to-israel/00000199-7c87-d04a-adfd-7d873c8d0000
The legacy left by Home Depot’s Bernie Marcus is a model to build on,The award in his name is given to young leaders who demonstrate a deep commitment to strengthening the U.S.-Israel relationship. The post The legacy left by Home Depot’s Bernie Marcus is a model to build on appeared first on JNS.org .,https://www.jns.org/the-legacy-left-by-home-depots-bernie-marcus-is-a-model-to-build-on/,JNS,David (A.J.) Rodriguez,2025-09-25T01:30:00,2025-09-25 02:36:09.632786,https://www.jns.org/?p=586329
"‘Deeply regrettable’ UN held briefing on Rosh Hashanah, US envoy says","The official social media handles of the United Nations and its secretary-general again did not note the Jewish holidays, though they mark holidays of other faiths. The post &#8216;Deeply regrettable&#8217; UN held briefing on Rosh Hashanah, US envoy says appeared first on JNS.org .",https://www.jns.org/deeply-regrettable-un-held-briefing-on-rosh-hashanah-us-envoy-says/,JNS,JNS Staff,2025-09-25T02:06:58,2025-09-25 02:36:09.632744,https://www.jns.org/?p=588236
Why the UN’s push for a Palestinian state is a dangerous mistake for America and its allies,"Peace cannot be imposed from conference halls in Turtle Bay. It must be built on mutual recognition, security guarantees and a renunciation of violence. The post Why the UN’s push for a Palestinian state is a dangerous mistake for America and its allies appeared first on JNS.org .",https://www.jns.org/why-the-uns-push-for-a-palestinian-state-is-a-dangerous-mistake-for-america-and-its-allies/,JNS,Sarah N. Stern,2025-09-25T02:15:00,2025-09-25 02:36:09.632698,https://www.jns.org/?p=588270
Tel Aviv flight makes emergency stop in Riyadh after Israeli traveler suffers stroke,FlyDubai flight carrying roughly 80 Israelis spent more than three hours on the tarmac in Saudi Arabia as passenger was transferred to local hospital for treatment The post Tel Aviv flight makes emergency stop in Riyadh after Israeli traveler suffers stroke appeared first on The Times of Israel .,https://www.timesofisrael.com/tel-aviv-flight-makes-emergency-stop-in-riyadh-after-israeli-traveler-suffers-stroke/,Times of Israel,,2025-09-25T02:26:20,2025-09-25 02:36:05.112270,https://www.timesofisrael.com/?p=3649453
"With wars that won't end 'hey presto,' Trump faces reckoning at UN over Gaza and Ukraine","The September 2025 model of the U.S. president is more cautious than his predecessor. He no longer projects baseless optimism about ending the war in Ukraine, but for now, he appears to continue a lenient policy toward Israel, prolonging the war in Gaza",https://www.haaretz.com/israel-news/2025-09-25/ty-article/.premium/with-wars-that-wont-end-hey-presto-trump-faces-reckoning-at-un-over-gaza-and-ukraine/00000199-7d26-d04a-adfd-7d26d2140000,Haaretz,Ksenia Svetlova,2025-09-25T01:09:32,2025-09-25 01:36:41.580280,https://www.haaretz.com/israel-news/2025-09-25/ty-article/.premium/with-wars-that-wont-end-hey-presto-trump-faces-reckoning-at-un-over-gaza-and-ukraine/00000199-7d26-d04a-adfd-7d26d2140000
Israel accuses Abbas of seeking to excise Israel due to key-shaped pin in UN speech,Pictures show that Abbas has worn the key pin in nearly every public appearance dating back to at least May 2023 * Syria's Sharaa meets Trump on sidelines of UN summit The post Israel accuses Abbas of seeking to excise Israel due to key-shaped pin in UN speech appeared first on The Times of Israel .,https://www.timesofisrael.com/liveblog-september-25-2025/,Times of Israel,,2025-09-25T00:56:20,2025-09-25 01:36:29.324280,https://www.timesofisrael.com/?p=3649442
"Heading to UN, Netanyahu dismisses Palestinian recognition as ’shameful capitulation’","Hundreds protest PM at Ben Gurion Airport as he departs for New York, where he will discuss Gaza war, Palestinian statehood with leaders on sidelines of UN General Assembly The post Heading to UN, Netanyahu dismisses Palestinian recognition as ’shameful capitulation&#8217; appeared first on The Times of Israel .",https://www.timesofisrael.com/heading-to-un-netanyahu-dismisses-palestinian-recognition-as-shameful-capitulation/,Times of Israel,,2025-09-25T00:57:27,2025-09-25 01:36:29.324234,https://www.timesofisrael.com/?p=3649426
Ukraine’s president says world is in ‘most destructive arms race in human history’,"Speaking at the UN General Assembly, Zelensky questions why the United Nations has been unable to stop wars in Ukraine, Gaza, and says weapons are the only 'security guarantees' The post Ukraine’s president says world is in &#8216;most destructive arms race in human history&#8217; appeared first on The Times of Israel .",https://www.timesofisrael.com/ukraines-president-says-world-is-in-most-destructive-arms-race-in-human-history/,Times of Israel,,2025-09-25T01:19:29,2025-09-25 01:36:29.324176,https://www.timesofisrael.com/?p=3649440
"On 5786, A Protocol for Action in This New Year","In this New Year, we will find ourselves called upon to carry forward the responsibilities of leadership, the obligations of community building, the requirements of advancing Jewish civic interests. The post On 5786, A Protocol for Action in This New Year appeared first on Jewish Journal .",https://jewishjournal.com/commentary/opinion/383973/on-5786-a-protocol-for-action-in-this-new-year/,Jewish Journal,Steven Windmueller,2025-09-24T23:14:59,2025-09-25 00:34:38.998184,https://jewishjournal.com/?p=383973
Ten Secrets to Academic Success | Fighting Educational Malpractice Personally: What Do I Do with a Politicized Prof – or Teacher,Sixth in a series The post Ten Secrets to Academic Success | Fighting Educational Malpractice Personally: What Do I Do with a Politicized Prof – or Teacher appeared first on Jewish Journal .,https://jewishjournal.com/commentary/opinion/383975/turn-it-off-2/,Jewish Journal,Gil Troy,2025-09-24T23:26:22,2025-09-25 00:34:38.998139,https://jewishjournal.com/?p=383975
"Countries recognizing Palestine elide issue of refugees, a core obstacle in conflict","France, the UK, Portugal silent on displaced Palestinians, despite issue's centrality to Israeli-Palestinian impasse; Australia and Canada back a 'just solution' The post Countries recognizing Palestine elide issue of refugees, a core obstacle in conflict appeared first on The Times of Israel .",https://www.timesofisrael.com/countries-recognizing-palestine-elide-issue-of-refugees-a-core-obstacle-in-conflict/,Times of Israel,,2025-09-25T00:24:38,2025-09-25 00:34:35.869281,https://www.timesofisrael.com/?p=3648290
Rosner’s Domain | Tell Me More About the State You Just Recognized …,"You think the lives of Palestinians are going to be better than today within a Palestinian state? Look at Gaza, look at Syria, look at Yemen and think again. The post Rosner&#8217;s Domain | Tell Me More About the State You Just Recognized … appeared first on Jewish Journal .",https://jewishjournal.com/rosnersdomain/383967/tell-me-more-about-the-state-you-just-recognized/,Jewish Journal,Shmuel Rosner,2025-09-24T22:09:08,2025-09-24 23:09:06.468057,https://jewishjournal.com/?p=383967
When Words Break: Rebuilding a Shared Jewish Lexicon,"In the aftermath of Oct. 7, language itself began to falter. The post When Words Break: Rebuilding a Shared Jewish Lexicon appeared first on Jewish Journal .",https://jewishjournal.com/cover_story/383971/when-words-break-rebuilding-a-shared-jewish-lexicon/,Jewish Journal,Shuki Taylor and Shlomit Naim Naor,2025-09-24T22:35:23,2025-09-24 23:09:06.468007,https://jewishjournal.com/?p=383971
US envoy Witkoff ‘confident’ of Gaza breakthrough in coming days as peace plan floated,"Witkoff says Trump's 21-point plan for peace, shared with Arab and Islamic leaders on sidelines of UN General Assembly, addresses Israel's and the region's concerns The post US envoy Witkoff ‘confident’ of Gaza breakthrough in coming days as peace plan floated appeared first on The Times of Israel .",https://www.timesofisrael.com/us-envoy-witkoff-confident-of-gaza-breakthrough-in-coming-days-as-peace-plan-floated/,Times of Israel,,2025-09-24T22:52:22,2025-09-24 23:09:03.913193,https://www.timesofisrael.com/?p=3649397
Palestinians say Israel shut West Bank's main crossing to Jordan over state recognition,"'Israel is sending a clear message: we'll continue to decide the people's fate', one official said. The border crossing just resumed full operations last week, after it was closed following a terrorist attack that killed two IDF soldiers",https://www.haaretz.com/israel-news/2025-09-25/ty-article/.premium/palestinians-say-israel-shut-west-banks-main-crossing-to-jordan-over-state-recognition/00000199-7d7f-daea-adff-7fffbc4a0000,Haaretz,Jack Khoury,2025-09-24T21:59:20,2025-09-24 22:09:07.307826,https://www.haaretz.com/israel-news/2025-09-25/ty-article/.premium/palestinians-say-israel-shut-west-banks-main-crossing-to-jordan-over-state-recognition/00000199-7d7f-daea-adff-7fffbc4a0000
"At UN, Sharaa blasts airstrikes but says Syria ‘committed to dialogue’ with Israel","In first speech to the UN General Assembly by a Syrian leader since 1967, Sharaa calls for removal of sanctions, says Syrians' suffering Assad compels them to stand with Gaza The post At UN, Sharaa blasts airstrikes but says Syria &#8216;committed to dialogue&#8217; with Israel appeared first on The Times of Israel .",https://www.timesofisrael.com/at-un-sharaa-blasts-airstrikes-but-says-syria-committed-to-dialogue-with-israel/,Times of Israel,,2025-09-24T21:14:00,2025-09-24 22:08:54.721776,https://www.timesofisrael.com/?p=3649324
Paramount+ to screen Keshet 12’s Oct. 7 series ‘Red Alert’ worldwide,Four-episode drama tells heroic stories inspired by those who survived the Hamas onslaught; acquired by Paramount+ to premiere on anniversary; will be broadcast in Israel on Oct. 5 The post Paramount+ to screen Keshet 12&#8217;s Oct. 7 series &#8216;Red Alert&#8217; worldwide appeared first on The Times of Israel .,https://www.timesofisrael.com/paramount-acquires-keshet-12s-red-alert-series-about-october-7/,Times of Israel,,2025-09-24T21:29:55,2025-09-24 22:08:54.721722,https://www.timesofisrael.com/?p=3649350
"Police disperse anti-Gaza war protest in Arab-Israeli city with stun grenades, arrest four","Police claimed that protesters chanted slogans which they said constituted incitement, and held signs that could 'disrupt public order.' A protester described the police as using excessive force during the arrests: 'The officers didn't wait for chants or clashes; they just decided to end the protest by force'",https://www.haaretz.com/israel-news/2025-09-23/ty-article/.premium/police-disperse-anti-gaza-war-protest-in-arab-israeli-city-with-stun-grenades-arrest-four/00000199-781e-df8f-afbd-fd5ff4d30000,Haaretz,Deiaa Haj Yahia,2025-09-23T19:55:27,2025-09-24 20:09:52.713370,https://www.haaretz.com/israel-news/2025-09-23/ty-article/.premium/police-disperse-anti-gaza-war-protest-in-arab-israeli-city-with-stun-grenades-arrest-four/00000199-781e-df8f-afbd-fd5ff4d30000
"Amsterdam city council votes to bar Israeli sports teams, citing 'racist and extremist views'","Leader of left-wing Denk party, which submitted the proposal, said that Maccabi Tel Aviv would be included in the ban, since its fans 'support genocide, which is reason enough'",https://www.haaretz.com/israel-news/2025-09-24/ty-article/amsterdam-city-council-votes-to-bar-israeli-sports-teams/00000199-7851-daea-adff-7ff35c230000,Haaretz,Haaretz Sports Staff,2025-09-23T21:03:08,2025-09-24 20:09:52.713336,https://www.haaretz.com/israel-news/2025-09-24/ty-article/amsterdam-city-council-votes-to-bar-israeli-sports-teams/00000199-7851-daea-adff-7ff35c230000
UN-appointed panel calls for Israel to be thrown out of world soccer over Gaza 'genocide',"Team of experts, including Francesca Albanese, urges FIFA and UEFA 'to take every measure possible to end the genocide in Gaza'",https://www.haaretz.com/israel-news/2025-09-24/ty-article/un-appointed-panel-calls-for-israel-to-be-thrown-out-of-world-soccer-over-gaza-genocide/00000199-7867-df8f-afbd-fd6f5c670002,Haaretz,Haaretz Sports Staff,2025-09-23T21:24:54,2025-09-24 20:09:52.713308,https://www.haaretz.com/israel-news/2025-09-24/ty-article/un-appointed-panel-calls-for-israel-to-be-thrown-out-of-world-soccer-over-gaza-genocide/00000199-7867-df8f-afbd-fd6f5c670002
"Netanyahu before departing for UN, Trump meeting: 'There will be no Palestinian state'",,https://www.haaretz.com/israel-news/2025-09-24/ty-article-live/syria-and-israel-close-to-de-escalation-agreement-u-s-envoy-says/00000199-7963-db6e-a5d9-ff6f20b20000,Haaretz,Haaretz,2025-09-24T02:00:44,2025-09-24 20:09:52.713279,https://www.haaretz.com/israel-news/2025-09-24/ty-article-live/syria-and-israel-close-to-de-escalation-agreement-u-s-envoy-says/00000199-7963-db6e-a5d9-ff6f20b20000
"Israel targets Gaza aid flotilla with drones and explosions, activists say","Israel previously said that the activists' refusal to unload the aid in the southern port city of Ashkelon 'once again highlights the insincerity of the flotilla members and their mission to serve Hamas, rather than the people in Gaza,' referring to it as 'the Hamas flotilla'",https://www.haaretz.com/israel-news/2025-09-24/ty-article/israel-targets-gaza-aid-flotilla-with-drones-and-explosions-activists-say/00000199-79f5-d27b-affd-7ff5c9460000,Haaretz,Nir Hasson,2025-09-24T05:36:36,2025-09-24 20:09:52.713250,https://www.haaretz.com/israel-news/2025-09-24/ty-article/israel-targets-gaza-aid-flotilla-with-drones-and-explosions-activists-say/00000199-79f5-d27b-affd-7ff5c9460000
Trump talks Gaza war with Arab and Muslim leaders on sidelines of UN General Assembly,"The meeting, which lasted nearly an hour, was viewed as an opportunity for Arab and Muslim leaders to collectively influence Trump's stance on the Gaza war. Several leaders, including Trump, raised their hands to signal the session had been positive",https://www.haaretz.com/middle-east-news/2025-09-24/ty-article/.premium/trump-talks-gaza-war-with-arab-and-muslim-leaders-on-sidelines-of-un-general-assembly/00000199-7a22-daea-adff-7fe3ecda0000,Haaretz,Liza Rozovsky,2025-09-24T06:27:11,2025-09-24 20:09:52.713218,https://www.haaretz.com/middle-east-news/2025-09-24/ty-article/.premium/trump-talks-gaza-war-with-arab-and-muslim-leaders-on-sidelines-of-un-general-assembly/00000199-7a22-daea-adff-7fe3ecda0000
'Oct. 7 as a means of intimidation': Hostage's son says Netanyahu using hostages to establish dictatorship in Israel,"Boaz Zalmanovich's father, Arye, was abducted into Gaza during the Oct. 7 Hamas attack and murdered in captivity. Boaz describes the Netanyahu government policies that have left hostages to die as 'a moral and ethical rupture' that is deepening the crisis in Israeli society",https://www.haaretz.com/israel-news/2025-09-24/ty-article/.premium/hostages-son-says-netanyahu-using-hostages-oct-7-to-establish-dictatorship-in-israel/00000199-7a57-d04a-adfd-7f57d14a0000,Haaretz,Adi Hashmonai,2025-09-24T06:56:31,2025-09-24 20:09:52.713187,https://www.haaretz.com/israel-news/2025-09-24/ty-article/.premium/hostages-son-says-netanyahu-using-hostages-oct-7-to-establish-dictatorship-in-israel/00000199-7a57-d04a-adfd-7f57d14a0000
"At least 20 Palestinians, including children, reportedly killed in IDF strike on Gaza City building","According to Gaza medical sources, at least 73 people have been killed in Israeli attacks since midnight. Hamas said that displaced residents are returning due to the lack of basic services in southern Gaza and accused Israel of misleading the population",https://www.haaretz.com/israel-news/2025-09-24/ty-article/.premium/at-least-20-palestinians-reportedly-killed-in-idf-strike-on-gaza-city-building/00000199-7aab-df8f-afbd-ffef188c0000,Haaretz,Jack Khoury,2025-09-24T07:46:09,2025-09-24 20:09:52.713155,https://www.haaretz.com/israel-news/2025-09-24/ty-article/.premium/at-least-20-palestinians-reportedly-killed-in-idf-strike-on-gaza-city-building/00000199-7aab-df8f-afbd-ffef188c0000
"Syria and Israel close to 'de-escalation' agreement, U.S. envoy says",U.S. Special Envoy for Syria Tom Barrack said the agreement would serve as the first step towards a security deal with Israel. Talks between Syrian and Israeli officials are taking place amid IDF strikes and reported ground operations in southern Syrian territory,https://www.haaretz.com/israel-news/2025-09-24/ty-article/.premium/syria-and-israel-close-to-de-escalation-agreement-u-s-envoy-says/00000199-7a95-d27b-affd-7e95f3460000,Haaretz,Haaretz,2025-09-24T08:43:33,2025-09-24 20:09:52.713123,https://www.haaretz.com/israel-news/2025-09-24/ty-article/.premium/syria-and-israel-close-to-de-escalation-agreement-u-s-envoy-says/00000199-7a95-d27b-affd-7e95f3460000
"IDF fatally shoots Palestinian man in West Bank, says he threw explosives at troops","Ahmed Barahmeh's killing marks the second Palestinian fatality in the West Bank in 12 hours. Separately, the IDF announced it was conducting searches in the Tulkarm area after a rocket was discovered and disabled by a bomb squad",https://www.haaretz.com/israel-news/2025-09-24/ty-article/.premium/israeli-authorities-discover-and-disable-rocket-in-the-west-bank-idf-says/00000199-7af0-df8f-afbd-fffdb2620000,Haaretz,Yaniv Kubovich,2025-09-24T09:40:50,2025-09-24 20:09:52.713087,https://www.haaretz.com/israel-news/2025-09-24/ty-article/.premium/israeli-authorities-discover-and-disable-rocket-in-the-west-bank-idf-says/00000199-7af0-df8f-afbd-fffdb2620000
"G7 foreign ministers call for 'flood of humanitarian aid' into Gaza, urge Israel and Hamas to reach cease-fire","The seven countries, including the U.S. and France, called to end the 'immense suffering of civilians in Gaza through a flood of humanitarian aid and securing the release of all hostages,' in a statement at the UN General Assembly. They also lauded the EU snapback mechanism on Iran's nuclear program",https://www.haaretz.com/israel-news/2025-09-24/ty-article/.premium/g7-foreign-ministers-call-for-flood-of-humanitarian-aid-into-gaza-urge-cease-fire/00000199-7b12-d27b-affd-7f92fbe40000,Haaretz,Haaretz,2025-09-24T10:12:16,2025-09-24 20:09:52.713051,https://www.haaretz.com/israel-news/2025-09-24/ty-article/.premium/g7-foreign-ministers-call-for-flood-of-humanitarian-aid-into-gaza-urge-cease-fire/00000199-7b12-d27b-affd-7f92fbe40000
"Isolated as ever, Netanyahu will try to persuade Trump to hold out for victory in Gaza","The UN General Assembly debunked Netanyahu's big lie and showed that contrary to his claim, Arab states, the U.S., and other Western countries all want Hamas removed from power. Trump must now decide which path will achieve this faster – a deal imposed on Israel or the conquest of Gaza City",https://www.haaretz.com/israel-news/2025-09-24/ty-article/.premium/isolated-as-ever-netanyahu-will-try-to-persuade-trump-to-hold-out-for-victory-in-gaza/00000199-7b59-d27b-affd-7fd9ed5d0000,Haaretz,Chaim Levinson,2025-09-24T11:05:42,2025-09-24 20:09:52.713016,https://www.haaretz.com/israel-news/2025-09-24/ty-article/.premium/isolated-as-ever-netanyahu-will-try-to-persuade-trump-to-hold-out-for-victory-in-gaza/00000199-7b59-d27b-affd-7fd9ed5d0000
Top Israeli official overseeing West Bank land removed after disputes with Smotrich allies,"Tomer Carmi, who oversaw land registration in Area C, faced growing political interference following the establishment of Finance Minister Bezalel Smotrich's Settlement Administration until he was ousted earlier this month. A key dispute centered on flaws in a JNF land purchase in the settlement of Elazar",https://www.haaretz.com/israel-news/2025-09-24/ty-article/.premium/top-israeli-official-overseeing-west-bank-land-removed-after-disputes-with-smotrich-allies/00000199-6b87-d134-a1ff-fbcf968f0000,Haaretz,Hagar Shezaf,2025-09-24T14:45:57,2025-09-24 20:09:52.712978,https://www.haaretz.com/israel-news/2025-09-24/ty-article/.premium/top-israeli-official-overseeing-west-bank-land-removed-after-disputes-with-smotrich-allies/00000199-6b87-d134-a1ff-fbcf968f0000
Syria's al-Sharaa at UN: 'Committed to dialogue despite Israeli aggression',"On the second day of the General Assembly, the Iranian president labeled looming Western 'snapback' sanctions on his country as 'unlawful'. Syria's president also addressed the body, marking the first speech by a Syrian leader to the Assembly since 1967",https://www.haaretz.com/news/world/2025-09-24/ty-article/.premium/iranian-president-calls-israeli-u-s-june-attacks-grave-betrayal-of-diplomacy/00000199-7c33-db6e-a5d9-fe7f03200000,Haaretz,Liza Rozovsky,2025-09-24T15:42:36,2025-09-24 20:09:52.712945,https://www.haaretz.com/news/world/2025-09-24/ty-article/.premium/iranian-president-calls-israeli-u-s-june-attacks-grave-betrayal-of-diplomacy/00000199-7c33-db6e-a5d9-fe7f03200000
"Drone from Yemen crashes in Eilat, southern Israel; 22 wounded, including two seriously","Two attempts to intercept the drone failed, and the IDF said rescue forces were operating at the scene, a tourist area. 'Teams on the ground are reporting damage on a scale we are not normally used to seeing,' said the head of Israel's emergency services",https://www.haaretz.com/israel-news/2025-09-24/ty-article/.premium/drone-from-yemen-crashes-in-eilat-southern-israel-20-wounded-including-two-seriously/00000199-7c61-df8f-afbd-fd6d8e7c0000,Haaretz,Eden Solomon,2025-09-24T15:46:49,2025-09-24 20:09:52.712914,https://www.haaretz.com/israel-news/2025-09-24/ty-article/.premium/drone-from-yemen-crashes-in-eilat-southern-israel-20-wounded-including-two-seriously/00000199-7c61-df8f-afbd-fd6d8e7c0000
"Danish pension fund excludes Israeli state assets over Gaza war, West Bank settlements","AkademikerPension's divestment 'comes as an assessment of the state of Israel's ability to uphold human rights,' after Norway's sovereign wealth fund pulled Israeli investments and Denmark's prime minister vowed to leverage EU Council presidency for sanctions on Israeli settlers and officials",https://www.haaretz.com/world-news/europe/2025-09-24/ty-article/danish-pension-fund-excludes-israeli-state-assets-over-gaza-war-west-bank-settlements/00000199-7bf1-d04a-adfd-7ff17c910000,Haaretz,Reuters,2025-09-24T16:45:04,2025-09-24 20:09:52.712882,https://www.haaretz.com/world-news/europe/2025-09-24/ty-article/danish-pension-fund-excludes-israeli-state-assets-over-gaza-war-west-bank-settlements/00000199-7bf1-d04a-adfd-7ff17c910000
Tel Aviv-bound flight from Dubai lands in Saudi Arabia after medical incident,A Flydubai flight from the UAE changed course and landed in Riyadh after an Israeli passenger apparently suffered a stroke and was taken to a local hospital,https://www.haaretz.com/israel-news/2025-09-24/ty-article/.premium/tel-aviv-bound-flight-from-dubai-lands-in-saudi-arabia-after-medical-incident/00000199-7c8a-daea-adff-7febdba90000,Haaretz,Daniel Schmil,2025-09-24T16:56:42,2025-09-24 20:09:52.712849,https://www.haaretz.com/israel-news/2025-09-24/ty-article/.premium/tel-aviv-bound-flight-from-dubai-lands-in-saudi-arabia-after-medical-incident/00000199-7c8a-daea-adff-7febdba90000
Photo of hostage Alon Ohel published from Hamas captivity video: 'He's blind in one eye',"This is the second visual confirmation of Ohel in captivity, with his family permitting only the release of a still image from the video aired by Hamas on Monday. Ohel, 23, was kidnapped from the Nova Music Festival on October 7, 2023",https://www.haaretz.com/israel-news/2025-09-24/ty-article/.premium/photo-of-hostage-alon-ohel-published-from-hamas-captivity-video-hes-blind-in-one-eye/00000199-7ca1-d27b-affd-7eb135eb0000,Haaretz,Bar Peleg,2025-09-24T17:32:51,2025-09-24 20:09:52.712820,https://www.haaretz.com/israel-news/2025-09-24/ty-article/.premium/photo-of-hostage-alon-ohel-published-from-hamas-captivity-video-hes-blind-in-one-eye/00000199-7ca1-d27b-affd-7eb135eb0000
"Trump promises Arab leaders he won't allow Israel to annex West Bank, official says","U.S. Mideast envoy Steve Witkoff said he is 'hopeful and even confident' that a breakthrough on Gaza could be announced in the coming days, adding that some leaders have already been briefed on Trump's '21-point plan for peace in the Middle East and Gaza'",https://www.haaretz.com/israel-news/2025-09-24/ty-article/.premium/trump-promises-arab-leaders-he-wont-allow-israel-to-annex-west-bank-official-says/00000199-7ce0-df8f-afbd-fdede05b0000,Haaretz,Liza Rozovsky,2025-09-24T18:12:53,2025-09-24 20:09:52.712786,https://www.haaretz.com/israel-news/2025-09-24/ty-article/.premium/trump-promises-arab-leaders-he-wont-allow-israel-to-annex-west-bank-official-says/00000199-7ce0-df8f-afbd-fdede05b0000
The international recognition Israel should really fear,"International recognition of Palestine changes little. But if it provokes annexation, it will expose the failure of the two-state vision – leaving Israel isolated",https://www.haaretz.com/israel-news/haaretz-today/2025-09-24/ty-article/.highlight/the-international-recognition-israel-should-really-fear/00000199-7cd0-db6e-a5d9-fefcfeba0000,Haaretz,Amir Tibon,2025-09-24T19:26:40,2025-09-24 20:09:52.712746,https://www.haaretz.com/israel-news/haaretz-today/2025-09-24/ty-article/.highlight/the-international-recognition-israel-should-really-fear/00000199-7cd0-db6e-a5d9-fefcfeba0000
Iran’s President Tells UN Tehran Will Never Seek to Build Nuclear Bomb,"Iran has no intention to build nuclear weapons, Iranian President Masoud Pezeshkian told the U.N. General Assembly on Wednesday, just...",https://www.algemeiner.com/2025/09/24/irans-president-tells-un-tehran-will-never-seek-to-build-nuclear-bomb/,Algemeiner,Reuters and Algemeiner Staff,2025-09-24T17:12:17,2025-09-24 20:09:47.539328,https://www.algemeiner.com/?p=754017
Macron to Meet with Iranian President in Last Ditch Effort to Avert Nuclear Sanctions Snapback,i24 News &#8211; France’s President Emmanuel Macron will meet with his Iranian counterpart Masoud Pezeshkian on the margins of the United...,https://www.algemeiner.com/2025/09/24/macron-to-meet-with-iranian-president-in-last-ditch-effort-to-avert-nuclear-sanctions-snapback/,Algemeiner,i24 News and Algemeiner Staff,2025-09-24T17:17:40,2025-09-24 20:09:47.539300,https://www.algemeiner.com/?p=754020
Gaza Aid Flotilla Reports Drone Strikes off Greek Coast,i24 News &#8211; The United Nations has urged an “independent and impartial” investigation into alleged drone attacks on the Global...,https://www.algemeiner.com/2025/09/24/gaza-aid-flotilla-reports-drone-strikes-off-greek-coast/,Algemeiner,i24 News and Algemeiner Staff,2025-09-24T17:26:15,2025-09-24 20:09:47.539269,https://www.algemeiner.com/?p=754022
"US Envoy Confirms Israel, Syria Are Close to ‘De-Escalation’ Pact",i24 News &#8211; Syria and Israel are on the verge of signing a &#8220;de-escalation&#8221; agreement in which Israel will stop...,https://www.algemeiner.com/2025/09/24/us-envoy-confirms-israel-syria-are-close-to-de-escalation-pact/,Algemeiner,i24 News and Algemeiner Staff,2025-09-24T17:45:20,2025-09-24 20:09:47.539240,https://www.algemeiner.com/?p=754025
"Trump Promises Arab Leaders He Won’t Let Israel Annex West Bank, Politico Reports","US President Donald Trump promised Arab leaders he would not let Israel annex the West Bank, Politico reported on Wednesday,...",https://www.algemeiner.com/2025/09/24/trump-promises-arab-leaders-he-wont-let-israel-annex-west-bank-politico-reports/,Algemeiner,Reuters and Algemeiner Staff,2025-09-24T17:50:58,2025-09-24 20:09:47.539206,https://www.algemeiner.com/?p=754027
"Trump slams Palestinian state recognitions, calls to ‘release the hostages now’","“Hamas has repeatedly rejected reasonable offers to make peace, and we can’t forget October 7,” the U.S. president told the U.N. General Assembly. The post Trump slams Palestinian state recognitions, calls to ‘release the hostages now&#8217; appeared first on JNS.org .",https://www.jns.org/trump-slams-palestinian-state-recognitions-calls-to-release-the-hostages-now/,JNS,JNS Staff,2025-09-24T04:54:00,2025-09-24 20:09:45.192556,https://www.jns.org/?p=588138
EU warns Iran: Take steps or face UN ‘snapback’ sanctions,"The foreign ministers of France, Britain and Germany met with their Iranian counterpart on the sidelines of the General Assembly. The post EU warns Iran: Take steps or face UN ‘snapback’ sanctions appeared first on JNS.org .",https://www.jns.org/e3-warns-iran-take-steps-or-face-un-snapback-sanctions/,JNS,JNS Staff,2025-09-24T06:18:00,2025-09-24 20:09:45.192518,https://www.jns.org/?p=588142
"Trump meets with Arab, Muslim leaders on sidelines of the UNGA","“We want to bring the hostages home and return to normal life,” said the U.S. president. The post Trump meets with Arab, Muslim leaders on sidelines of the UNGA appeared first on JNS.org .",https://www.jns.org/trump-meets-with-arab-muslim-leaders-on-sidelines-of-unga/,JNS,,2025-09-24T08:25:00,2025-09-24 20:09:45.192480,https://www.jns.org/?p=588147
Israeli forces neutralize Palestinian rocket in Samaria,The IDF has opened an investigation into the incident. The post Israeli forces neutralize Palestinian rocket in Samaria appeared first on JNS.org .,https://www.jns.org/israeli-forces-neutralize-palestinian-rocket-in-samaria/,JNS,JNS Staff,2025-09-24T10:04:00,2025-09-24 20:09:45.192442,https://www.jns.org/?p=588154
Rubio: Palestinian state recognitions derailed hostage talks,The top U.S. diplomat added that there still existed a “window of opportunity” to pursue a ceasefire-for-hostages agreement. The post Rubio: Palestinian state recognitions derailed hostage talks appeared first on JNS.org .,https://www.jns.org/rubio-palestinian-state-recognitions-derailed-hostage-talks/,JNS,JNS Staff,2025-09-24T11:37:00,2025-09-24 20:09:45.192411,https://www.jns.org/?p=588160
IDF footage shows terrorists firing from hospital in Gaza City,This is “further proof of Hamas’s cynical and systematic modus operandi of exploiting civilian infrastructure as manned terror command posts.” The post IDF footage shows terrorists firing from hospital in Gaza City appeared first on JNS.org .,https://www.jns.org/idf-footage-shows-terrorists-firing-from-hospital-in-gaza-city/,JNS,JNS Staff,2025-09-24T13:19:30,2025-09-24 20:09:45.192376,https://www.jns.org/?p=588165
22 wounded as Houthi drone from Yemen hits Eilat,Magen David Adom medics treated victims at the scene and evacuated them—including two in serious condition—to Yoseftal Hospital. The post 22 wounded as Houthi drone from Yemen hits Eilat appeared first on JNS.org .,https://www.jns.org/five-injured-as-houthi-drone-from-yemen-strikes-eilat/,JNS,Charles Bybelezer,2025-09-24T15:23:56,2025-09-24 20:09:45.192337,https://www.jns.org/?p=588177
"A drunken UN rewards Hamas, punishes Israel","Recognition of Palestinian statehood emboldens terrorists and prolongs the captivity for Israeli innocents still languishing in Gaza. The post A drunken UN rewards Hamas, punishes Israel appeared first on JNS.org .",https://www.jns.org/a-drunken-un-rewards-hamas-punishes-israel/,JNS,Fiamma Nirenstein,2025-09-24T19:08:32,2025-09-24 20:09:45.192292,https://www.jns.org/?p=588230
Two-State Delusions,"Emmanuel Macron, Keir Starmer and the other Western leaders who made this proposal know that calling for a Palestinian state has as much likelihood of success as proposing a U.N. mission to Jupiter. The post Two-State Delusions appeared first on Jewish Journal .",https://jewishjournal.com/commentary/columnist/383946/two-state-delusions/,Jewish Journal,Dan Schnur,2025-09-24T05:27:21,2025-09-24 20:09:40.959260,https://jewishjournal.com/?p=383946
The Oys of Yiddish,One reason my wife and I never learned Yiddish was that our families didn’t want us to. Yiddish was only spoken when they tried to hide things from us. The post The Oys of Yiddish appeared first on Jewish Journal .,https://jewishjournal.com/commentary/columnist/383948/the-oys-of-yiddish/,Jewish Journal,Mark Schiff,2025-09-24T05:45:19,2025-09-24 20:09:40.959227,https://jewishjournal.com/?p=383948
"Jonah, the Dovish Divine","Despite a year full of distance, imperfections, disappointment, perhaps even betrayal of our very nature, on Yom Kippur we are all doves, possessing the ability to, in the end, return home. The post Jonah, the Dovish Divine appeared first on Jewish Journal .",https://jewishjournal.com/judaism/383950/jonah-the-dovish-divine/,Jewish Journal,Rabbi Dr. Stuart Halpern,2025-09-24T05:50:32,2025-09-24 20:09:40.959192,https://jewishjournal.com/?p=383950
The Big Sorry: Atoning All Year,"Guilt, despite its bad name, is actually good for me. Like regret and remorse and shame over my wrongdoings, guilt can be instructive and downright motivational. The post The Big Sorry: Atoning All Year appeared first on Jewish Journal .",https://jewishjournal.com/judaism/383953/the-big-sorry-atoning-all-year/,Jewish Journal,Bob Brody,2025-09-24T05:55:18,2025-09-24 20:09:40.959159,https://jewishjournal.com/?p=383953
Recognition Sans Reality: How and Why the West Capitulates to Hamas,"A political entity that lacks unified governance, defined and controlled territory and a commitment to peace remains something other than a state. To pretend otherwise is not compassion. It is dangerous negligence. The post Recognition Sans Reality: How and Why the West Capitulates to Hamas appeared first on Jewish Journal .",https://jewishjournal.com/commentary/opinion/383955/recognition-sans-reality-how-and-why-the-west-capitulates-to-hamas/,Jewish Journal,Peter Himmelman,2025-09-24T06:15:12,2025-09-24 20:09:40.959127,https://jewishjournal.com/?p=383955
Investing in Israel is No Longer About Charity,Investing in Israel offers not only the potential to generate wealth but also to redefine what we mean by philanthropy—all while supporting the Jewish people. The post Investing in Israel is No Longer About Charity appeared first on Jewish Journal .,https://jewishjournal.com/culture/business/383956/investing-in-israel-is-no-longer-about-charity/,Jewish Journal,Monica Osborne,2025-09-24T06:26:56,2025-09-24 20:09:40.959089,https://jewishjournal.com/?p=383956
Our Sacred Promise,"Founded by Lihie Gilhar in November 2023, Bring Them Light seeks to preserve not just the memory of those we lost, but their faces, their names and their life stories. The post Our Sacred Promise appeared first on Jewish Journal .",https://jewishjournal.com/community/383958/our-sacred-promise/,Jewish Journal,Karen Lehrman Bloch,2025-09-24T06:37:28,2025-09-24 20:09:40.959051,https://jewishjournal.com/?p=383958
"On These High Holy Days, Rabbis Must Restore Jews’ Faith in Israel","The High Holy Days represent an opportunity to challenge the prevailing narrative and educate our congregants, to restore faith in the Jewish people and Israel. The post On These High Holy Days, Rabbis Must Restore Jews’ Faith in Israel appeared first on Jewish Journal .",https://jewishjournal.com/commentary/opinion/383960/on-these-high-holy-days-rabbis-must-restore-jews-faith-in-israel/,Jewish Journal,Rabbi Stuart Weinblatt,2025-09-24T06:41:19,2025-09-24 20:09:40.959017,https://jewishjournal.com/?p=383960
Living as Jews in Latin America After Oct. 7,"Much like in other parts of the world, most of those who criticize Israel in Latin America have little or no grasp of the realities on the ground, yet they readily join the chorus of demonization. The post Living as Jews in Latin America After Oct. 7 appeared first on Jewish Journal .",https://jewishjournal.com/commentary/opinion/383963/living-as-jews-in-latin-america-after-oct-7/,Jewish Journal,Eduardo Kohn and Adriana Camisar,2025-09-24T06:45:57,2025-09-24 20:09:40.958975,https://jewishjournal.com/?p=383963
How Not to Respond to the Charlie Kirk Memorial Service,"Most Jews don’t understand what is taking shape in Christian America. They fear it, conflate its diverse voices and want to denounce it with great moral force, as if that will somehow make it all go away. The post How Not to Respond to the Charlie Kirk Memorial Service appeared first on Jewish Journal .",https://jewishjournal.com/commentary/opinion/383965/how-not-to-respond-to-the-charlie-kirk-memorial-service/,Jewish Journal,David Bernstein,2025-09-24T06:50:49,2025-09-24 20:09:40.958930,https://jewishjournal.com/?p=383965
Full text of Trump speech: UN is funding an assault on Western countries and their borders,US president says United Nations 'did not even try' to stop 7 wars he halted; derides global warming as a con job; says 'failed experiment' of open borders is sending Europe to hell The post Full text of Trump speech: UN is funding an assault on Western countries and their borders appeared first on The Times of Israel .,https://www.timesofisrael.com/full-text-of-trump-speech-un-is-funding-an-assault-on-western-countries-and-their-borders/,Times of Israel,,2025-09-24T09:44:04,2025-09-24 20:09:38.737149,https://www.timesofisrael.com/?p=3649003
Hezbollah weakened but financially resilient a year after Israel war,"Despite losses, terror group still managing to pay its fighters and fund social services; US says it's still receiving $60 million monthly from Iran, illicit businesses The post Hezbollah weakened but financially resilient a year after Israel war appeared first on The Times of Israel .",https://www.timesofisrael.com/hezbollah-weakened-but-financially-resilient-a-year-after-israel-war/,Times of Israel,,2025-09-24T10:12:18,2025-09-24 20:09:38.737109,https://www.timesofisrael.com/?p=3649043
Jewish mayor of Florida’s Miami-Dade County faces off against own son over Israel,"Illustrating generational divide over Gaza war, Ted Cava calls on county to shed $151 million in Israel bonds, as Daniella Levine Cava says she's not seeking change to portfolio The post Jewish mayor of Florida&#8217;s Miami-Dade County faces off against own son over Israel appeared first on The Times of Israel .",https://www.timesofisrael.com/jewish-mayor-of-floridas-miami-dade-county-faces-off-against-own-son-over-israel/,Times of Israel,,2025-09-24T11:07:42,2025-09-24 20:09:38.737073,https://www.timesofisrael.com/?p=3648696
Satellite images show Iran has started rebuilding key missile sites hit by Israel,"Experts say a main component, the large mixers needed to produce solid fuel for the weapons, is still missing; Iran believes resuming missile production key to deterring Israel The post Satellite images show Iran has started rebuilding key missile sites hit by Israel appeared first on The Times of Israel .",https://www.timesofisrael.com/satellite-images-show-iran-has-started-rebuilding-key-missile-sites-hit-by-israel/,Times of Israel,,2025-09-24T11:16:52,2025-09-24 20:09:38.737034,https://www.timesofisrael.com/?p=3649069
"Italy and Spain send warships, warn Israel to safeguard Gaza flotilla after drone attacks","Italian PM Meloni clarifies ship not expected to use military force as Spain says it will also dispatch naval vessel 'to ensure that, if necessary, our citizens can be rescued' The post Italy and Spain send warships, warn Israel to safeguard Gaza flotilla after drone attacks appeared first on The Times of Israel .",https://www.timesofisrael.com/italy-warns-israel-to-safeguard-gaza-flotilla-after-drone-attacks-sends-warship-for-rescue/,Times of Israel,,2025-09-24T11:57:32,2025-09-24 20:09:38.736996,https://www.timesofisrael.com/?p=3649081
Daily Briefing Sept. 24: Day 719 – ToI doc film event shows the other kinds of Israeli stories,"Filmmaker Yonatan Nir talks about season three of online film festival for ToI Community, screening Israeli documentaries followed by Q&#038;A with directors The post Daily Briefing Sept. 24: Day 719 &#8211; ToI doc film event shows the other kinds of Israeli stories appeared first on The Times of Israel .",https://www.timesofisrael.com/daily-briefing-sept-24-day-719-toi-doc-film-event-shows-the-other-kinds-of-israeli-stories/,Times of Israel,,2025-09-24T12:54:30,2025-09-24 20:09:38.736956,https://www.timesofisrael.com/?p=3647387&preview=true&preview_id=3647387
Hamas reports dozens killed by Israeli fire in Gaza; IDF soldier seriously hurt,"Army releases footage showing Hamas terrorists opening fire from Shifa Hospital as Israeli forces push deeper into Gaza City, where Zamir urges Palestinians to rebel against Hamas The post Hamas reports dozens killed by Israeli fire in Gaza; IDF soldier seriously hurt appeared first on The Times of Israel .",https://www.timesofisrael.com/hamas-reports-dozens-killed-by-israeli-fire-in-gaza-idf-soldier-seriously-hurt/,Times of Israel,,2025-09-24T13:33:13,2025-09-24 20:09:38.736914,https://www.timesofisrael.com/?p=3649121
Will Trump press Netanyahu? US allies’ embrace of ‘Palestine’ tests president’s Israel policy,"Country after country has lined up to recognize Palestinian statehood, warn against retaliatory Israeli West Bank annexation. As PM heads to White House, Trump is publicly unfazed The post Will Trump press Netanyahu? US allies&#8217; embrace of &#8216;Palestine&#8217; tests president&#8217;s Israel policy appeared first on The Times of Israel .",https://www.timesofisrael.com/will-trump-press-netanyahu-us-allies-embrace-of-palestine-tests-presidents-israel-policy/,Times of Israel,,2025-09-24T13:50:26,2025-09-24 20:09:38.736876,https://www.timesofisrael.com/?p=3649149
"In emotional comeback, Jimmy Kimmel says he didn’t mean to make light of Kirk killing","Late-night show host denies trying to pin blame for conservative activist's murder, in first monologue since network suspended him for a week following Trump appointee's criticism The post In emotional comeback, Jimmy Kimmel says he didn&#8217;t mean to make light of Kirk killing appeared first on The Times of Israel .",https://www.timesofisrael.com/in-emotional-comeback-jimmy-kimmel-says-he-didnt-mean-to-make-light-of-kirk-killing/,Times of Israel,,2025-09-24T14:05:58,2025-09-24 20:09:38.736836,https://www.timesofisrael.com/?p=3649134
Trump presented comprehensive plan to end Gaza war in UN meeting with Muslim leaders,"Participating countries issue position paper welcoming proposal, while stressing they oppose any Israeli occupation of Gaza, displacement of Palestinians or annexation of West Bank The post Trump presented comprehensive plan to end Gaza war in UN meeting with Muslim leaders appeared first on The Times of Israel .",https://www.timesofisrael.com/trump-presented-comprehensive-plan-to-end-gaza-war-in-un-meeting-with-muslim-leaders/,Times of Israel,,2025-09-24T14:37:35,2025-09-24 20:09:38.736795,https://www.timesofisrael.com/?p=3649163&preview=true&preview_id=3649163
"Danish teachers’ pension fund to divest from Israeli state assets over Gaza, settlements","Decision by $25 billion member-owned group AkadamikerPension follows recent divestment declaration by Norway's $2 trillion sovereign wealth fund over human rights concerns The post Danish teachers&#8217; pension fund to divest from Israeli state assets over Gaza, settlements appeared first on The Times of Israel .",https://www.timesofisrael.com/danish-teachers-pension-fund-to-divest-from-israeli-state-assets-over-gaza-settlements/,Times of Israel,,2025-09-24T14:43:22,2025-09-24 20:09:38.736756,https://www.timesofisrael.com/?p=3649165
US anti-Israel activist sentenced to more than 19 years for firebombing,"Casey Goonan was inspired by Oct. 7 attack on Israel, court says; sentencing comes amid fears of increasing leftist violence in the US The post US anti-Israel activist sentenced to more than 19 years for firebombing appeared first on The Times of Israel .",https://www.timesofisrael.com/us-anti-israel-activist-sentenced-to-more-than-19-years-for-firebombing/,Times of Israel,,2025-09-24T15:49:50,2025-09-24 20:09:38.736710,https://www.timesofisrael.com/?p=3649190
"Over 20 wounded, including 2 seriously, in Houthi drone attack on Eilat","Unmanned aircraft explodes in shopping area after IDF fails to down it despite firing two Iron Dome interceptors; incident comes days after Houthi drone smashed into hotel in resort city The post Over 20 wounded, including 2 seriously, in Houthi drone attack on Eilat appeared first on The Times of Israel .",https://www.timesofisrael.com/over-20-wounded-including-2-seriously-in-houthi-drone-attack-on-eilat/,Times of Israel,,2025-09-24T16:05:42,2025-09-24 20:09:38.736670,https://www.timesofisrael.com/?p=3649227
Pezeshkian vows Iran will ‘never bow before aggressors’ as snapback sanctions loom,"At UN, Lebanese president demands end to 'Israeli aggression'; Spain's king claims kinship with Jews his country expelled in Inquisition while berating Israel over Gaza 'massacre' The post Pezeshkian vows Iran will &#8216;never bow before aggressors&#8217; as snapback sanctions loom appeared first on The Times of Israel .",https://www.timesofisrael.com/pezeshkian-vows-iran-will-never-bow-before-aggressors-as-snapback-sanctions-loom/,Times of Israel,,2025-09-24T18:09:48,2025-09-24 20:09:38.736607,https://www.timesofisrael.com/?post_type=liveblog_entry&p=3649210
Hostage Alon Ohel’s family approves publication of still from Hamas propaganda video,"24-year-old captive now blind in an eye, according to family, which urges PM to return from US with 'good news' while condemning clip as 'psychological terrorism meant to hurt us' The post Hostage Alon Ohel&#8217;s family approves publication of still from Hamas propaganda video appeared first on The Times of Israel .",https://www.timesofisrael.com/hostage-alon-ohels-family-approves-publication-of-still-from-hamas-propaganda-video/,Times of Israel,,2025-09-24T19:09:57,2025-09-24 20:09:38.736556,https://www.timesofisrael.com/?p=3649282
Thessaloniki’s Armenian minority and Jewish past are bound by a shared history of genocide,"Half of the Greek port city's residents were Jewish in 1919. Today, only a few are. -- The post Thessaloniki&#8217;s Armenian minority and Jewish past are bound by a shared history of genocide appeared first on Jewish Telegraphic Agency .",https://www.jta.org/2025/09/24/default/thessalonikis-armenian-minority-and-jewish-past-are-bound-by-a-shared-history-of-genocide,JTA,Larry Luxner,2025-09-24T12:10:17,2025-09-24 20:09:33.775636,https://www.jta.org/?p=1887754
Jewish summer camps offered Israeli teens a break from the pressures at home,The Jewish Agency's Campers2Gether program matched over 700 Israeli teens with their North American peers in 2025. -- The post Jewish summer camps offered Israeli teens a break from the pressures at home appeared first on Jewish Telegraphic Agency .,https://www.jta.org/2025/09/24/culture/jewish-summer-camps-offered-israeli-teens-a-break-from-the-pressures-at-home,JTA,Madeleine Kashkooli,2025-09-24T14:00:47,2025-09-24 20:09:33.775580,https://www.jta.org/?p=1889637
Rabbi Jonathan Sacks died 5 years ago. His new Torah commentary is making waves in Israel.,"Sacks, the chief rabbi of Great Britain, is the author of a posthumous volume that is challenging Israel's top-selling Koren Tanakh. -- The post Rabbi Jonathan Sacks died 5 years ago. His new Torah commentary is making waves in Israel. appeared first on Jewish Telegraphic Agency .",https://www.jta.org/2025/09/24/religion/rabbi-jonathan-sacks-died-5-years-ago-his-new-torah-commentary-is-making-waves-in-israel,JTA,Deborah Danan,2025-09-24T16:06:51,2025-09-24 20:09:33.775533,https://www.jta.org/?p=1889593
